filename|param_number|t_stop|t_initial|termination_condition|t_value_change|min_t|max_t|evaluated_t|runtime|avg_t|std_t|avg_runtime|std_runtime
../instances/inst_set1a_sf1_nc2.1_n20_m30_00.dzn|0|0.1|1|200|0.1|47|110|56|12.329116344451904|60|3.082207001484488|11.884433317184449|0.38610021099185565
../instances/inst_set1a_sf1_nc2.1_n20_m30_00.dzn|0|0.1|1|200|0.1|47|110|60|12.023354768753052|60|3.082207001484488|11.884433317184449|0.38610021099185565
../instances/inst_set1a_sf1_nc2.1_n20_m30_00.dzn|0|0.1|1|200|0.1|47|110|58|12.064451694488525|60|3.082207001484488|11.884433317184449|0.38610021099185565
../instances/inst_set1a_sf1_nc2.1_n20_m30_00.dzn|0|0.1|1|200|0.1|47|110|63|11.3363618850708|60|3.082207001484488|11.884433317184449|0.38610021099185565
../instances/inst_set1a_sf1_nc2.1_n20_m30_00.dzn|0|0.1|1|200|0.1|47|110|63|11.668881893157959|60|3.082207001484488|11.884433317184449|0.38610021099185565
../instances/inst_set1a_sf1_nc2.1_n20_m30_00.dzn|1|0.1|1|200|0.05|47|110|53|20.474933385849|55.6|3.4351128074635335|18.68423557281494|2.106196784606731
../instances/inst_set1a_sf1_nc2.1_n20_m30_00.dzn|1|0.1|1|200|0.05|47|110|54|16.76364302635193|55.6|3.4351128074635335|18.68423557281494|2.106196784606731
../instances/inst_set1a_sf1_nc2.1_n20_m30_00.dzn|1|0.1|1|200|0.05|47|110|57|20.69240951538086|55.6|3.4351128074635335|18.68423557281494|2.106196784606731
../instances/inst_set1a_sf1_nc2.1_n20_m30_00.dzn|1|0.1|1|200|0.05|47|110|61|19.33447575569153|55.6|3.4351128074635335|18.68423557281494|2.106196784606731
../instances/inst_set1a_sf1_nc2.1_n20_m30_00.dzn|1|0.1|1|200|0.05|47|110|53|16.15571618080139|55.6|3.4351128074635335|18.68423557281494|2.106196784606731
../instances/inst_set1a_sf1_nc2.1_n20_m30_00.dzn|2|0.1|0.5|200|0.05|47|110|60|15.93058443069458|56|3.8078865529319543|16.55938067436218|0.38567938655625517
../instances/inst_set1a_sf1_nc2.1_n20_m30_00.dzn|2|0.1|0.5|200|0.05|47|110|59|16.473081350326538|56|3.8078865529319543|16.55938067436218|0.38567938655625517
../instances/inst_set1a_sf1_nc2.1_n20_m30_00.dzn|2|0.1|0.5|200|0.05|47|110|57|16.75011658668518|56|3.8078865529319543|16.55938067436218|0.38567938655625517
../instances/inst_set1a_sf1_nc2.1_n20_m30_00.dzn|2|0.1|0.5|200|0.05|47|110|52|16.72589087486267|56|3.8078865529319543|16.55938067436218|0.38567938655625517
../instances/inst_set1a_sf1_nc2.1_n20_m30_00.dzn|2|0.1|0.5|200|0.05|47|110|52|16.917230129241943|56|3.8078865529319543|16.55938067436218|0.38567938655625517
../instances/inst_set1a_sf1_nc2.1_n20_m30_00.dzn|3|0.1|1|400|0.1|47|110|52|15.567438840866089|52.4|4.39317652729776|18.04171233177185|1.7975053843564006
../instances/inst_set1a_sf1_nc2.1_n20_m30_00.dzn|3|0.1|1|400|0.1|47|110|49|18.956741333007812|52.4|4.39317652729776|18.04171233177185|1.7975053843564006
../instances/inst_set1a_sf1_nc2.1_n20_m30_00.dzn|3|0.1|1|400|0.1|47|110|54|20.38545846939087|52.4|4.39317652729776|18.04171233177185|1.7975053843564006
../instances/inst_set1a_sf1_nc2.1_n20_m30_00.dzn|3|0.1|1|400|0.1|47|110|48|17.935754776000977|52.4|4.39317652729776|18.04171233177185|1.7975053843564006
../instances/inst_set1a_sf1_nc2.1_n20_m30_00.dzn|3|0.1|1|400|0.1|47|110|59|17.363168239593506|52.4|4.39317652729776|18.04171233177185|1.7975053843564006
../instances/inst_set1a_sf1_nc2.1_n20_m30_00.dzn|4|0.1|1|400|0.05|47|110|50|29.212921380996704|52.6|3.5777087639996634|28.840620946884155|1.1402486423171567
../instances/inst_set1a_sf1_nc2.1_n20_m30_00.dzn|4|0.1|1|400|0.05|47|110|56|30.31704592704773|52.6|3.5777087639996634|28.840620946884155|1.1402486423171567
../instances/inst_set1a_sf1_nc2.1_n20_m30_00.dzn|4|0.1|1|400|0.05|47|110|57|28.727272748947144|52.6|3.5777087639996634|28.840620946884155|1.1402486423171567
../instances/inst_set1a_sf1_nc2.1_n20_m30_00.dzn|4|0.1|1|400|0.05|47|110|50|28.798648595809937|52.6|3.5777087639996634|28.840620946884155|1.1402486423171567
../instances/inst_set1a_sf1_nc2.1_n20_m30_00.dzn|4|0.1|1|400|0.05|47|110|50|27.147216081619263|52.6|3.5777087639996634|28.840620946884155|1.1402486423171567
../instances/inst_set1a_sf1_nc2.1_n20_m30_00.dzn|5|0.1|0.5|400|0.05|47|110|51|24.381675481796265|51.4|3.2093613071762426|22.74326205253601|1.9866036716344746
../instances/inst_set1a_sf1_nc2.1_n20_m30_00.dzn|5|0.1|0.5|400|0.05|47|110|50|20.149476289749146|51.4|3.2093613071762426|22.74326205253601|1.9866036716344746
../instances/inst_set1a_sf1_nc2.1_n20_m30_00.dzn|5|0.1|0.5|400|0.05|47|110|55|24.116050481796265|51.4|3.2093613071762426|22.74326205253601|1.9866036716344746
../instances/inst_set1a_sf1_nc2.1_n20_m30_00.dzn|5|0.1|0.5|400|0.05|47|110|54|24.018229722976685|51.4|3.2093613071762426|22.74326205253601|1.9866036716344746
../instances/inst_set1a_sf1_nc2.1_n20_m30_00.dzn|5|0.1|0.5|400|0.05|47|110|47|21.050878286361694|51.4|3.2093613071762426|22.74326205253601|1.9866036716344746
../instances/inst_set1a_sf0.75_nc1.8_n20_m20_03.dzn|0|0.1|1|200|0.1|45|98|47|9.417471647262573|54.4|6.4265076052238514|9.833369970321655|0.6612823237497153
../instances/inst_set1a_sf0.75_nc1.8_n20_m20_03.dzn|0|0.1|1|200|0.1|45|98|60|10.403884649276733|54.4|6.4265076052238514|9.833369970321655|0.6612823237497153
../instances/inst_set1a_sf0.75_nc1.8_n20_m20_03.dzn|0|0.1|1|200|0.1|45|98|62|9.059301853179932|54.4|6.4265076052238514|9.833369970321655|0.6612823237497153
../instances/inst_set1a_sf0.75_nc1.8_n20_m20_03.dzn|0|0.1|1|200|0.1|45|98|53|9.663681030273438|54.4|6.4265076052238514|9.833369970321655|0.6612823237497153
../instances/inst_set1a_sf0.75_nc1.8_n20_m20_03.dzn|0|0.1|1|200|0.1|45|98|50|10.6225106716156|54.4|6.4265076052238514|9.833369970321655|0.6612823237497153
../instances/inst_set1a_sf0.75_nc1.8_n20_m20_03.dzn|1|0.1|1|200|0.05|45|98|53|18.704843997955322|52.2|4.658325879540846|18.328878927230836|1.8442392511965577
../instances/inst_set1a_sf0.75_nc1.8_n20_m20_03.dzn|1|0.1|1|200|0.05|45|98|56|16.14381766319275|52.2|4.658325879540846|18.328878927230836|1.8442392511965577
../instances/inst_set1a_sf0.75_nc1.8_n20_m20_03.dzn|1|0.1|1|200|0.05|45|98|57|21.067183256149292|52.2|4.658325879540846|18.328878927230836|1.8442392511965577
../instances/inst_set1a_sf0.75_nc1.8_n20_m20_03.dzn|1|0.1|1|200|0.05|45|98|49|17.248236417770386|52.2|4.658325879540846|18.328878927230836|1.8442392511965577
../instances/inst_set1a_sf0.75_nc1.8_n20_m20_03.dzn|1|0.1|1|200|0.05|45|98|46|18.480313301086426|52.2|4.658325879540846|18.328878927230836|1.8442392511965577
../instances/inst_set1a_sf0.75_nc1.8_n20_m20_03.dzn|2|0.1|0.5|200|0.05|45|98|49|12.84762454032898|50.6|2.701851217221259|13.549696445465088|0.6048842640997639
../instances/inst_set1a_sf0.75_nc1.8_n20_m20_03.dzn|2|0.1|0.5|200|0.05|45|98|48|13.802978515625|50.6|2.701851217221259|13.549696445465088|0.6048842640997639
../instances/inst_set1a_sf0.75_nc1.8_n20_m20_03.dzn|2|0.1|0.5|200|0.05|45|98|54|13.487621068954468|50.6|2.701851217221259|13.549696445465088|0.6048842640997639
../instances/inst_set1a_sf0.75_nc1.8_n20_m20_03.dzn|2|0.1|0.5|200|0.05|45|98|53|13.183784484863281|50.6|2.701851217221259|13.549696445465088|0.6048842640997639
../instances/inst_set1a_sf0.75_nc1.8_n20_m20_03.dzn|2|0.1|0.5|200|0.05|45|98|49|14.426473617553711|50.6|2.701851217221259|13.549696445465088|0.6048842640997639
../instances/inst_set1a_sf0.75_nc1.8_n20_m20_03.dzn|3|0.1|1|400|0.1|45|98|47|18.653425931930542|49.6|3.5777087639996634|15.597794342041016|2.117622359198143
../instances/inst_set1a_sf0.75_nc1.8_n20_m20_03.dzn|3|0.1|1|400|0.1|45|98|45|16.940027475357056|49.6|3.5777087639996634|15.597794342041016|2.117622359198143
../instances/inst_set1a_sf0.75_nc1.8_n20_m20_03.dzn|3|0.1|1|400|0.1|45|98|53|13.751440286636353|49.6|3.5777087639996634|15.597794342041016|2.117622359198143
../instances/inst_set1a_sf0.75_nc1.8_n20_m20_03.dzn|3|0.1|1|400|0.1|45|98|50|14.581554889678955|49.6|3.5777087639996634|15.597794342041016|2.117622359198143
../instances/inst_set1a_sf0.75_nc1.8_n20_m20_03.dzn|3|0.1|1|400|0.1|45|98|53|14.062523126602173|49.6|3.5777087639996634|15.597794342041016|2.117622359198143
../instances/inst_set1a_sf0.75_nc1.8_n20_m20_03.dzn|4|0.1|1|400|0.05|45|98|47|29.245498657226562|49.6|3.4351128074635335|29.867742681503294|1.0210573982952302
../instances/inst_set1a_sf0.75_nc1.8_n20_m20_03.dzn|4|0.1|1|400|0.05|45|98|48|29.91183567047119|49.6|3.4351128074635335|29.867742681503294|1.0210573982952302
../instances/inst_set1a_sf0.75_nc1.8_n20_m20_03.dzn|4|0.1|1|400|0.05|45|98|51|29.076714038848877|49.6|3.4351128074635335|29.867742681503294|1.0210573982952302
../instances/inst_set1a_sf0.75_nc1.8_n20_m20_03.dzn|4|0.1|1|400|0.05|45|98|47|31.60543465614319|49.6|3.4351128074635335|29.867742681503294|1.0210573982952302
../instances/inst_set1a_sf0.75_nc1.8_n20_m20_03.dzn|4|0.1|1|400|0.05|45|98|55|29.49923038482666|49.6|3.4351128074635335|29.867742681503294|1.0210573982952302
../instances/inst_set1a_sf0.75_nc1.8_n20_m20_03.dzn|5|0.1|0.5|400|0.05|45|98|49|23.129661083221436|49.2|3.1144823004794877|22.04138855934143|1.7978433893688808
../instances/inst_set1a_sf0.75_nc1.8_n20_m20_03.dzn|5|0.1|0.5|400|0.05|45|98|46|22.664709091186523|49.2|3.1144823004794877|22.04138855934143|1.7978433893688808
../instances/inst_set1a_sf0.75_nc1.8_n20_m20_03.dzn|5|0.1|0.5|400|0.05|45|98|54|18.849066257476807|49.2|3.1144823004794877|22.04138855934143|1.7978433893688808
../instances/inst_set1a_sf0.75_nc1.8_n20_m20_03.dzn|5|0.1|0.5|400|0.05|45|98|50|22.596150636672974|49.2|3.1144823004794877|22.04138855934143|1.7978433893688808
../instances/inst_set1a_sf0.75_nc1.8_n20_m20_03.dzn|5|0.1|0.5|400|0.05|45|98|47|22.967355728149414|49.2|3.1144823004794877|22.04138855934143|1.7978433893688808
../instances/inst_set1a_sf0.75_nc2.1_n20_m10_01.dzn|0|0.1|1|200|0.1|47|118|108|22.293921947479248|94.6|10.382677881933928|21.12555546760559|3.4437245045389795
../instances/inst_set1a_sf0.75_nc2.1_n20_m10_01.dzn|0|0.1|1|200|0.1|47|118|80|22.925978899002075|94.6|10.382677881933928|21.12555546760559|3.4437245045389795
../instances/inst_set1a_sf0.75_nc2.1_n20_m10_01.dzn|0|0.1|1|200|0.1|47|118|92|24.012994289398193|94.6|10.382677881933928|21.12555546760559|3.4437245045389795
../instances/inst_set1a_sf0.75_nc2.1_n20_m10_01.dzn|0|0.1|1|200|0.1|47|118|93|15.252501487731934|94.6|10.382677881933928|21.12555546760559|3.4437245045389795
../instances/inst_set1a_sf0.75_nc2.1_n20_m10_01.dzn|0|0.1|1|200|0.1|47|118|100|21.142380714416504|94.6|10.382677881933928|21.12555546760559|3.4437245045389795
../instances/inst_set1a_sf0.75_nc2.1_n20_m10_01.dzn|1|0.1|1|200|0.05|47|118|88|40.61576294898987|89.2|2.7748873851023217|38.04639739990235|4.587462417105434
../instances/inst_set1a_sf0.75_nc2.1_n20_m10_01.dzn|1|0.1|1|200|0.05|47|118|90|43.584824323654175|89.2|2.7748873851023217|38.04639739990235|4.587462417105434
../instances/inst_set1a_sf0.75_nc2.1_n20_m10_01.dzn|1|0.1|1|200|0.05|47|118|85|34.006163597106934|89.2|2.7748873851023217|38.04639739990235|4.587462417105434
../instances/inst_set1a_sf0.75_nc2.1_n20_m10_01.dzn|1|0.1|1|200|0.05|47|118|91|32.672900438308716|89.2|2.7748873851023217|38.04639739990235|4.587462417105434
../instances/inst_set1a_sf0.75_nc2.1_n20_m10_01.dzn|1|0.1|1|200|0.05|47|118|92|39.352335691452026|89.2|2.7748873851023217|38.04639739990235|4.587462417105434
../instances/inst_set1a_sf0.75_nc2.1_n20_m10_01.dzn|2|0.1|0.5|200|0.05|47|118|90|28.19298243522644|92.2|2.8635642126552705|27.274274587631226|3.301004908089323
../instances/inst_set1a_sf0.75_nc2.1_n20_m10_01.dzn|2|0.1|0.5|200|0.05|47|118|89|31.211931228637695|92.2|2.8635642126552705|27.274274587631226|3.301004908089323
../instances/inst_set1a_sf0.75_nc2.1_n20_m10_01.dzn|2|0.1|0.5|200|0.05|47|118|94|26.67405080795288|92.2|2.8635642126552705|27.274274587631226|3.301004908089323
../instances/inst_set1a_sf0.75_nc2.1_n20_m10_01.dzn|2|0.1|0.5|200|0.05|47|118|92|22.161264181137085|92.2|2.8635642126552705|27.274274587631226|3.301004908089323
../instances/inst_set1a_sf0.75_nc2.1_n20_m10_01.dzn|2|0.1|0.5|200|0.05|47|118|96|28.131144285202026|92.2|2.8635642126552705|27.274274587631226|3.301004908089323
../instances/inst_set1a_sf0.75_nc2.1_n20_m10_01.dzn|3|0.1|1|400|0.1|47|118|92|39.54704809188843|86.6|4.219004621945797|36.073540687561035|6.078747194987544
../instances/inst_set1a_sf0.75_nc2.1_n20_m10_01.dzn|3|0.1|1|400|0.1|47|118|90|40.32077479362488|86.6|4.219004621945797|36.073540687561035|6.078747194987544
../instances/inst_set1a_sf0.75_nc2.1_n20_m10_01.dzn|3|0.1|1|400|0.1|47|118|84|27.309489250183105|86.6|4.219004621945797|36.073540687561035|6.078747194987544
../instances/inst_set1a_sf0.75_nc2.1_n20_m10_01.dzn|3|0.1|1|400|0.1|47|118|85|32.10367178916931|86.6|4.219004621945797|36.073540687561035|6.078747194987544
../instances/inst_set1a_sf0.75_nc2.1_n20_m10_01.dzn|3|0.1|1|400|0.1|47|118|82|41.08671951293945|86.6|4.219004621945797|36.073540687561035|6.078747194987544
../instances/inst_set1a_sf0.75_nc2.1_n20_m10_01.dzn|4|0.1|1|400|0.05|47|118|91|84.68268299102783|92.2|4.54972526643093|84.08580350875854|5.400923855614248
../instances/inst_set1a_sf0.75_nc2.1_n20_m10_01.dzn|4|0.1|1|400|0.05|47|118|88|89.34717202186584|92.2|4.54972526643093|84.08580350875854|5.400923855614248
../instances/inst_set1a_sf0.75_nc2.1_n20_m10_01.dzn|4|0.1|1|400|0.05|47|118|97|87.19851684570312|92.2|4.54972526643093|84.08580350875854|5.400923855614248
../instances/inst_set1a_sf0.75_nc2.1_n20_m10_01.dzn|4|0.1|1|400|0.05|47|118|97|83.99995875358582|92.2|4.54972526643093|84.08580350875854|5.400923855614248
../instances/inst_set1a_sf0.75_nc2.1_n20_m10_01.dzn|4|0.1|1|400|0.05|47|118|88|75.20068693161011|92.2|4.54972526643093|84.08580350875854|5.400923855614248
../instances/inst_set1a_sf0.75_nc2.1_n20_m10_01.dzn|5|0.1|0.5|400|0.05|47|118|94|55.880024433135986|89.6|3.049590136395381|59.69281892776489|8.112516926480772
../instances/inst_set1a_sf0.75_nc2.1_n20_m10_01.dzn|5|0.1|0.5|400|0.05|47|118|86|55.92306327819824|89.6|3.049590136395381|59.69281892776489|8.112516926480772
../instances/inst_set1a_sf0.75_nc2.1_n20_m10_01.dzn|5|0.1|0.5|400|0.05|47|118|88|73.36271500587463|89.6|3.049590136395381|59.69281892776489|8.112516926480772
../instances/inst_set1a_sf0.75_nc2.1_n20_m10_01.dzn|5|0.1|0.5|400|0.05|47|118|89|52.834089279174805|89.6|3.049590136395381|59.69281892776489|8.112516926480772
../instances/inst_set1a_sf0.75_nc2.1_n20_m10_01.dzn|5|0.1|0.5|400|0.05|47|118|91|60.464202642440796|89.6|3.049590136395381|59.69281892776489|8.112516926480772
../instances/inst_set1a_sf0.75_nc1.5_n20_m10_00.dzn|0|0.1|1|200|0.1|46|107|81|23.015273571014404|87.2|8.78635305459552|17.723411512374877|3.0394173799609248
../instances/inst_set1a_sf0.75_nc1.5_n20_m10_00.dzn|0|0.1|1|200|0.1|46|107|101|17.35892415046692|87.2|8.78635305459552|17.723411512374877|3.0394173799609248
../instances/inst_set1a_sf0.75_nc1.5_n20_m10_00.dzn|0|0.1|1|200|0.1|46|107|91|15.54867148399353|87.2|8.78635305459552|17.723411512374877|3.0394173799609248
../instances/inst_set1a_sf0.75_nc1.5_n20_m10_00.dzn|0|0.1|1|200|0.1|46|107|81|15.961358547210693|87.2|8.78635305459552|17.723411512374877|3.0394173799609248
../instances/inst_set1a_sf0.75_nc1.5_n20_m10_00.dzn|0|0.1|1|200|0.1|46|107|82|16.732829809188843|87.2|8.78635305459552|17.723411512374877|3.0394173799609248
../instances/inst_set1a_sf0.75_nc1.5_n20_m10_00.dzn|1|0.1|1|200|0.05|46|107|73|39.49051904678345|76.4|9.09945053286186|34.913099908828734|5.116359891888113
../instances/inst_set1a_sf0.75_nc1.5_n20_m10_00.dzn|1|0.1|1|200|0.05|46|107|79|37.76986527442932|76.4|9.09945053286186|34.913099908828734|5.116359891888113
../instances/inst_set1a_sf0.75_nc1.5_n20_m10_00.dzn|1|0.1|1|200|0.05|46|107|89|29.448978900909424|76.4|9.09945053286186|34.913099908828734|5.116359891888113
../instances/inst_set1a_sf0.75_nc1.5_n20_m10_00.dzn|1|0.1|1|200|0.05|46|107|77|38.6076774597168|76.4|9.09945053286186|34.913099908828734|5.116359891888113
../instances/inst_set1a_sf0.75_nc1.5_n20_m10_00.dzn|1|0.1|1|200|0.05|46|107|64|29.248458862304688|76.4|9.09945053286186|34.913099908828734|5.116359891888113
../instances/inst_set1a_sf0.75_nc1.5_n20_m10_00.dzn|2|0.1|0.5|200|0.05|46|107|69|23.456180572509766|84.6|9.6591925128346|23.401828670501708|6.154899588614734
../instances/inst_set1a_sf0.75_nc1.5_n20_m10_00.dzn|2|0.1|0.5|200|0.05|46|107|86|18.023520708084106|84.6|9.6591925128346|23.401828670501708|6.154899588614734
../instances/inst_set1a_sf0.75_nc1.5_n20_m10_00.dzn|2|0.1|0.5|200|0.05|46|107|92|31.674802541732788|84.6|9.6591925128346|23.401828670501708|6.154899588614734
../instances/inst_set1a_sf0.75_nc1.5_n20_m10_00.dzn|2|0.1|0.5|200|0.05|46|107|93|16.936750888824463|84.6|9.6591925128346|23.401828670501708|6.154899588614734
../instances/inst_set1a_sf0.75_nc1.5_n20_m10_00.dzn|2|0.1|0.5|200|0.05|46|107|83|26.917888641357422|84.6|9.6591925128346|23.401828670501708|6.154899588614734
../instances/inst_set1a_sf0.75_nc1.5_n20_m10_00.dzn|3|0.1|1|400|0.1|46|107|76|29.89543104171753|82.2|7.596051605933177|33.41497139930725|8.434031162514666
../instances/inst_set1a_sf0.75_nc1.5_n20_m10_00.dzn|3|0.1|1|400|0.1|46|107|95|25.40463638305664|82.2|7.596051605933177|33.41497139930725|8.434031162514666
../instances/inst_set1a_sf0.75_nc1.5_n20_m10_00.dzn|3|0.1|1|400|0.1|46|107|82|38.23262882232666|82.2|7.596051605933177|33.41497139930725|8.434031162514666
../instances/inst_set1a_sf0.75_nc1.5_n20_m10_00.dzn|3|0.1|1|400|0.1|46|107|77|45.777803897857666|82.2|7.596051605933177|33.41497139930725|8.434031162514666
../instances/inst_set1a_sf0.75_nc1.5_n20_m10_00.dzn|3|0.1|1|400|0.1|46|107|81|27.76435685157776|82.2|7.596051605933177|33.41497139930725|8.434031162514666
../instances/inst_set1a_sf0.75_nc1.5_n20_m10_00.dzn|4|0.1|1|400|0.05|46|107|83|51.053375244140625|81.6|1.6733200530681511|64.97346124649047|11.47324595226542
../instances/inst_set1a_sf0.75_nc1.5_n20_m10_00.dzn|4|0.1|1|400|0.05|46|107|83|69.14813780784607|81.6|1.6733200530681511|64.97346124649047|11.47324595226542
../instances/inst_set1a_sf0.75_nc1.5_n20_m10_00.dzn|4|0.1|1|400|0.05|46|107|82|74.9543399810791|81.6|1.6733200530681511|64.97346124649047|11.47324595226542
../instances/inst_set1a_sf0.75_nc1.5_n20_m10_00.dzn|4|0.1|1|400|0.05|46|107|79|54.47066259384155|81.6|1.6733200530681511|64.97346124649047|11.47324595226542
../instances/inst_set1a_sf0.75_nc1.5_n20_m10_00.dzn|4|0.1|1|400|0.05|46|107|81|75.24079060554504|81.6|1.6733200530681511|64.97346124649047|11.47324595226542
../instances/inst_set1a_sf0.75_nc1.5_n20_m10_00.dzn|5|0.1|0.5|400|0.05|46|107|79|49.443044662475586|80.6|7.402702209328699|50.27170786857605|6.607086205455346
../instances/inst_set1a_sf0.75_nc1.5_n20_m10_00.dzn|5|0.1|0.5|400|0.05|46|107|87|54.69125437736511|80.6|7.402702209328699|50.27170786857605|6.607086205455346
../instances/inst_set1a_sf0.75_nc1.5_n20_m10_00.dzn|5|0.1|0.5|400|0.05|46|107|69|40.39722228050232|80.6|7.402702209328699|50.27170786857605|6.607086205455346
../instances/inst_set1a_sf0.75_nc1.5_n20_m10_00.dzn|5|0.1|0.5|400|0.05|46|107|81|49.10375356674194|80.6|7.402702209328699|50.27170786857605|6.607086205455346
../instances/inst_set1a_sf0.75_nc1.5_n20_m10_00.dzn|5|0.1|0.5|400|0.05|46|107|87|57.72326445579529|80.6|7.402702209328699|50.27170786857605|6.607086205455346
../instances/inst_set1a_sf0_nc1.5_n20_m10_00.dzn|0|0.1|1|200|0.1|32|102|80|14.914407968521118|74.2|5.495452665613635|12.748472785949707|2.567353515739968
../instances/inst_set1a_sf0_nc1.5_n20_m10_00.dzn|0|0.1|1|200|0.1|32|102|66|9.306755781173706|74.2|5.495452665613635|12.748472785949707|2.567353515739968
../instances/inst_set1a_sf0_nc1.5_n20_m10_00.dzn|0|0.1|1|200|0.1|32|102|78|11.908557653427124|74.2|5.495452665613635|12.748472785949707|2.567353515739968
../instances/inst_set1a_sf0_nc1.5_n20_m10_00.dzn|0|0.1|1|200|0.1|32|102|72|15.661716222763062|74.2|5.495452665613635|12.748472785949707|2.567353515739968
../instances/inst_set1a_sf0_nc1.5_n20_m10_00.dzn|0|0.1|1|200|0.1|32|102|75|11.950926303863525|74.2|5.495452665613635|12.748472785949707|2.567353515739968
../instances/inst_set1a_sf0_nc1.5_n20_m10_00.dzn|1|0.1|1|200|0.05|32|102|73|21.29021716117859|71.4|9.710818709048171|26.606827974319458|4.0695390099947435
../instances/inst_set1a_sf0_nc1.5_n20_m10_00.dzn|1|0.1|1|200|0.05|32|102|70|25.987148761749268|71.4|9.710818709048171|26.606827974319458|4.0695390099947435
../instances/inst_set1a_sf0_nc1.5_n20_m10_00.dzn|1|0.1|1|200|0.05|32|102|59|32.670048236846924|71.4|9.710818709048171|26.606827974319458|4.0695390099947435
../instances/inst_set1a_sf0_nc1.5_n20_m10_00.dzn|1|0.1|1|200|0.05|32|102|69|25.901668787002563|71.4|9.710818709048171|26.606827974319458|4.0695390099947435
../instances/inst_set1a_sf0_nc1.5_n20_m10_00.dzn|1|0.1|1|200|0.05|32|102|86|27.185056924819946|71.4|9.710818709048171|26.606827974319458|4.0695390099947435
../instances/inst_set1a_sf0_nc1.5_n20_m10_00.dzn|2|0.1|0.5|200|0.05|32|102|79|18.792688846588135|72.8|4.08656334834051|19.1233980178833|3.770110081471715
../instances/inst_set1a_sf0_nc1.5_n20_m10_00.dzn|2|0.1|0.5|200|0.05|32|102|70|23.23849368095398|72.8|4.08656334834051|19.1233980178833|3.770110081471715
../instances/inst_set1a_sf0_nc1.5_n20_m10_00.dzn|2|0.1|0.5|200|0.05|32|102|70|22.43350076675415|72.8|4.08656334834051|19.1233980178833|3.770110081471715
../instances/inst_set1a_sf0_nc1.5_n20_m10_00.dzn|2|0.1|0.5|200|0.05|32|102|75|16.934253215789795|72.8|4.08656334834051|19.1233980178833|3.770110081471715
../instances/inst_set1a_sf0_nc1.5_n20_m10_00.dzn|2|0.1|0.5|200|0.05|32|102|70|14.218053579330444|72.8|4.08656334834051|19.1233980178833|3.770110081471715
../instances/inst_set1a_sf0_nc1.5_n20_m10_00.dzn|3|0.1|1|400|0.1|32|102|70|30.182491779327393|70.2|2.7748873851023217|27.655302715301513|6.1400014077132585
../instances/inst_set1a_sf0_nc1.5_n20_m10_00.dzn|3|0.1|1|400|0.1|32|102|68|20.583515405654907|70.2|2.7748873851023217|27.655302715301513|6.1400014077132585
../instances/inst_set1a_sf0_nc1.5_n20_m10_00.dzn|3|0.1|1|400|0.1|32|102|69|23.43291449546814|70.2|2.7748873851023217|27.655302715301513|6.1400014077132585
../instances/inst_set1a_sf0_nc1.5_n20_m10_00.dzn|3|0.1|1|400|0.1|32|102|75|36.40588998794556|70.2|2.7748873851023217|27.655302715301513|6.1400014077132585
../instances/inst_set1a_sf0_nc1.5_n20_m10_00.dzn|3|0.1|1|400|0.1|32|102|69|27.671701908111572|70.2|2.7748873851023217|27.655302715301513|6.1400014077132585
../instances/inst_set1a_sf0_nc1.5_n20_m10_00.dzn|4|0.1|1|400|0.05|32|102|61|49.467644929885864|64.8|6.942621983083913|55.530869817733766|8.648076306931694
../instances/inst_set1a_sf0_nc1.5_n20_m10_00.dzn|4|0.1|1|400|0.05|32|102|59|53.20503211021423|64.8|6.942621983083913|55.530869817733766|8.648076306931694
../instances/inst_set1a_sf0_nc1.5_n20_m10_00.dzn|4|0.1|1|400|0.05|32|102|61|68.19730567932129|64.8|6.942621983083913|55.530869817733766|8.648076306931694
../instances/inst_set1a_sf0_nc1.5_n20_m10_00.dzn|4|0.1|1|400|0.05|32|102|67|60.00270962715149|64.8|6.942621983083913|55.530869817733766|8.648076306931694
../instances/inst_set1a_sf0_nc1.5_n20_m10_00.dzn|4|0.1|1|400|0.05|32|102|76|46.78165674209595|64.8|6.942621983083913|55.530869817733766|8.648076306931694
../instances/inst_set1a_sf0_nc1.5_n20_m10_00.dzn|5|0.1|0.5|400|0.05|32|102|78|41.96905827522278|71.8|8.167006795638168|37.501644897460935|8.320165690878284
../instances/inst_set1a_sf0_nc1.5_n20_m10_00.dzn|5|0.1|0.5|400|0.05|32|102|81|30.168097019195557|71.8|8.167006795638168|37.501644897460935|8.320165690878284
../instances/inst_set1a_sf0_nc1.5_n20_m10_00.dzn|5|0.1|0.5|400|0.05|32|102|73|49.98482704162598|71.8|8.167006795638168|37.501644897460935|8.320165690878284
../instances/inst_set1a_sf0_nc1.5_n20_m10_00.dzn|5|0.1|0.5|400|0.05|32|102|65|33.4307804107666|71.8|8.167006795638168|37.501644897460935|8.320165690878284
../instances/inst_set1a_sf0_nc1.5_n20_m10_00.dzn|5|0.1|0.5|400|0.05|32|102|62|31.955461740493774|71.8|8.167006795638168|37.501644897460935|8.320165690878284
../instances/inst_set1a_sf0.75_nc2.1_n20_m25_03.dzn|0|0.1|1|200|0.1|36|111|50|12.017301321029663|47.6|3.0495901363953815|9.956857204437256|1.4666956526233457
../instances/inst_set1a_sf0.75_nc2.1_n20_m25_03.dzn|0|0.1|1|200|0.1|36|111|43|10.763110876083374|47.6|3.0495901363953815|9.956857204437256|1.4666956526233457
../instances/inst_set1a_sf0.75_nc2.1_n20_m25_03.dzn|0|0.1|1|200|0.1|36|111|50|9.635629892349243|47.6|3.0495901363953815|9.956857204437256|1.4666956526233457
../instances/inst_set1a_sf0.75_nc2.1_n20_m25_03.dzn|0|0.1|1|200|0.1|36|111|49|8.256095886230469|47.6|3.0495901363953815|9.956857204437256|1.4666956526233457
../instances/inst_set1a_sf0.75_nc2.1_n20_m25_03.dzn|0|0.1|1|200|0.1|36|111|46|9.11214804649353|47.6|3.0495901363953815|9.956857204437256|1.4666956526233457
../instances/inst_set1a_sf0.75_nc2.1_n20_m25_03.dzn|1|0.1|1|200|0.05|36|111|43|15.179988861083984|42.8|1.9235384061671343|16.450543928146363|0.927366937571221
../instances/inst_set1a_sf0.75_nc2.1_n20_m25_03.dzn|1|0.1|1|200|0.05|36|111|46|17.127382040023804|42.8|1.9235384061671343|16.450543928146363|0.927366937571221
../instances/inst_set1a_sf0.75_nc2.1_n20_m25_03.dzn|1|0.1|1|200|0.05|36|111|41|16.01422357559204|42.8|1.9235384061671343|16.450543928146363|0.927366937571221
../instances/inst_set1a_sf0.75_nc2.1_n20_m25_03.dzn|1|0.1|1|200|0.05|36|111|42|16.396900177001953|42.8|1.9235384061671343|16.450543928146363|0.927366937571221
../instances/inst_set1a_sf0.75_nc2.1_n20_m25_03.dzn|1|0.1|1|200|0.05|36|111|42|17.53422498703003|42.8|1.9235384061671343|16.450543928146363|0.927366937571221
../instances/inst_set1a_sf0.75_nc2.1_n20_m25_03.dzn|2|0.1|0.5|200|0.05|36|111|44|14.06268048286438|48.4|5.224940191045253|13.375907564163208|0.4075330171597909
../instances/inst_set1a_sf0.75_nc2.1_n20_m25_03.dzn|2|0.1|0.5|200|0.05|36|111|56|12.994202375411987|48.4|5.224940191045253|13.375907564163208|0.4075330171597909
../instances/inst_set1a_sf0.75_nc2.1_n20_m25_03.dzn|2|0.1|0.5|200|0.05|36|111|50|13.376441955566406|48.4|5.224940191045253|13.375907564163208|0.4075330171597909
../instances/inst_set1a_sf0.75_nc2.1_n20_m25_03.dzn|2|0.1|0.5|200|0.05|36|111|49|13.211271524429321|48.4|5.224940191045253|13.375907564163208|0.4075330171597909
../instances/inst_set1a_sf0.75_nc2.1_n20_m25_03.dzn|2|0.1|0.5|200|0.05|36|111|43|13.234941482543945|48.4|5.224940191045253|13.375907564163208|0.4075330171597909
../instances/inst_set1a_sf0.75_nc2.1_n20_m25_03.dzn|3|0.1|1|400|0.1|36|111|39|16.451491355895996|45.4|4.6690470119715|15.397708702087403|0.8080956644178359
../instances/inst_set1a_sf0.75_nc2.1_n20_m25_03.dzn|3|0.1|1|400|0.1|36|111|44|14.305371284484863|45.4|4.6690470119715|15.397708702087403|0.8080956644178359
../instances/inst_set1a_sf0.75_nc2.1_n20_m25_03.dzn|3|0.1|1|400|0.1|36|111|46|14.9749755859375|45.4|4.6690470119715|15.397708702087403|0.8080956644178359
../instances/inst_set1a_sf0.75_nc2.1_n20_m25_03.dzn|3|0.1|1|400|0.1|36|111|52|15.736331701278687|45.4|4.6690470119715|15.397708702087403|0.8080956644178359
../instances/inst_set1a_sf0.75_nc2.1_n20_m25_03.dzn|3|0.1|1|400|0.1|36|111|46|15.520373582839966|45.4|4.6690470119715|15.397708702087403|0.8080956644178359
../instances/inst_set1a_sf0.75_nc2.1_n20_m25_03.dzn|4|0.1|1|400|0.05|36|111|38|25.398311614990234|39|2.6457513110645907|25.902169513702393|1.7246970458449353
../instances/inst_set1a_sf0.75_nc2.1_n20_m25_03.dzn|4|0.1|1|400|0.05|36|111|40|26.469290733337402|39|2.6457513110645907|25.902169513702393|1.7246970458449353
../instances/inst_set1a_sf0.75_nc2.1_n20_m25_03.dzn|4|0.1|1|400|0.05|36|111|43|24.761799573898315|39|2.6457513110645907|25.902169513702393|1.7246970458449353
../instances/inst_set1a_sf0.75_nc2.1_n20_m25_03.dzn|4|0.1|1|400|0.05|36|111|36|24.267902374267578|39|2.6457513110645907|25.902169513702393|1.7246970458449353
../instances/inst_set1a_sf0.75_nc2.1_n20_m25_03.dzn|4|0.1|1|400|0.05|36|111|38|28.613543272018433|39|2.6457513110645907|25.902169513702393|1.7246970458449353
../instances/inst_set1a_sf0.75_nc2.1_n20_m25_03.dzn|5|0.1|0.5|400|0.05|36|111|46|21.299971103668213|43.2|8.64291617453276|21.50988621711731|1.7346484090982048
../instances/inst_set1a_sf0.75_nc2.1_n20_m25_03.dzn|5|0.1|0.5|400|0.05|36|111|37|24.126569747924805|43.2|8.64291617453276|21.50988621711731|1.7346484090982048
../instances/inst_set1a_sf0.75_nc2.1_n20_m25_03.dzn|5|0.1|0.5|400|0.05|36|111|36|22.13381266593933|43.2|8.64291617453276|21.50988621711731|1.7346484090982048
../instances/inst_set1a_sf0.75_nc2.1_n20_m25_03.dzn|5|0.1|0.5|400|0.05|36|111|40|19.708983659744263|43.2|8.64291617453276|21.50988621711731|1.7346484090982048
../instances/inst_set1a_sf0.75_nc2.1_n20_m25_03.dzn|5|0.1|0.5|400|0.05|36|111|57|20.280093908309937|43.2|8.64291617453276|21.50988621711731|1.7346484090982048
../instances/inst_set1a_sf1_nc2.1_n20_m20_02.dzn|0|0.1|1|200|0.1|39|110|59|16.115378379821777|68.4|6.6932802122726045|14.555465269088746|1.0733314607940745
../instances/inst_set1a_sf1_nc2.1_n20_m20_02.dzn|0|0.1|1|200|0.1|39|110|64|14.931592464447021|68.4|6.6932802122726045|14.555465269088746|1.0733314607940745
../instances/inst_set1a_sf1_nc2.1_n20_m20_02.dzn|0|0.1|1|200|0.1|39|110|71|14.544565916061401|68.4|6.6932802122726045|14.555465269088746|1.0733314607940745
../instances/inst_set1a_sf1_nc2.1_n20_m20_02.dzn|0|0.1|1|200|0.1|39|110|73|13.89302682876587|68.4|6.6932802122726045|14.555465269088746|1.0733314607940745
../instances/inst_set1a_sf1_nc2.1_n20_m20_02.dzn|0|0.1|1|200|0.1|39|110|75|13.292762756347656|68.4|6.6932802122726045|14.555465269088746|1.0733314607940745
../instances/inst_set1a_sf1_nc2.1_n20_m20_02.dzn|1|0.1|1|200|0.05|39|110|74|24.82678484916687|63.8|6.906518659932803|24.58321957588196|2.3270067726188537
../instances/inst_set1a_sf1_nc2.1_n20_m20_02.dzn|1|0.1|1|200|0.05|39|110|64|28.299711227416992|63.8|6.906518659932803|24.58321957588196|2.3270067726188537
../instances/inst_set1a_sf1_nc2.1_n20_m20_02.dzn|1|0.1|1|200|0.05|39|110|65|22.583324193954468|63.8|6.906518659932803|24.58321957588196|2.3270067726188537
../instances/inst_set1a_sf1_nc2.1_n20_m20_02.dzn|1|0.1|1|200|0.05|39|110|55|24.569448709487915|63.8|6.906518659932803|24.58321957588196|2.3270067726188537
../instances/inst_set1a_sf1_nc2.1_n20_m20_02.dzn|1|0.1|1|200|0.05|39|110|61|22.636828899383545|63.8|6.906518659932803|24.58321957588196|2.3270067726188537
../instances/inst_set1a_sf1_nc2.1_n20_m20_02.dzn|2|0.1|0.5|200|0.05|39|110|59|14.818998098373413|64.2|5.06951674225463|18.941700506210328|2.7033860042845883
../instances/inst_set1a_sf1_nc2.1_n20_m20_02.dzn|2|0.1|0.5|200|0.05|39|110|65|17.910638332366943|64.2|5.06951674225463|18.941700506210328|2.7033860042845883
../instances/inst_set1a_sf1_nc2.1_n20_m20_02.dzn|2|0.1|0.5|200|0.05|39|110|59|19.470491647720337|64.2|5.06951674225463|18.941700506210328|2.7033860042845883
../instances/inst_set1a_sf1_nc2.1_n20_m20_02.dzn|2|0.1|0.5|200|0.05|39|110|68|20.9390606880188|64.2|5.06951674225463|18.941700506210328|2.7033860042845883
../instances/inst_set1a_sf1_nc2.1_n20_m20_02.dzn|2|0.1|0.5|200|0.05|39|110|70|21.569313764572144|64.2|5.06951674225463|18.941700506210328|2.7033860042845883
../instances/inst_set1a_sf1_nc2.1_n20_m20_02.dzn|3|0.1|1|400|0.1|39|110|61|24.74264168739319|63|3.8078865529319543|22.86560454368591|1.941259192936308
../instances/inst_set1a_sf1_nc2.1_n20_m20_02.dzn|3|0.1|1|400|0.1|39|110|59|19.642985582351685|63|3.8078865529319543|22.86560454368591|1.941259192936308
../instances/inst_set1a_sf1_nc2.1_n20_m20_02.dzn|3|0.1|1|400|0.1|39|110|64|23.548623085021973|63|3.8078865529319543|22.86560454368591|1.941259192936308
../instances/inst_set1a_sf1_nc2.1_n20_m20_02.dzn|3|0.1|1|400|0.1|39|110|69|23.686476945877075|63|3.8078865529319543|22.86560454368591|1.941259192936308
../instances/inst_set1a_sf1_nc2.1_n20_m20_02.dzn|3|0.1|1|400|0.1|39|110|62|22.707295417785645|63|3.8078865529319543|22.86560454368591|1.941259192936308
../instances/inst_set1a_sf1_nc2.1_n20_m20_02.dzn|4|0.1|1|400|0.05|39|110|58|46.056132555007935|57.4|3.1304951684997055|43.11854419708252|6.056998855297504
../instances/inst_set1a_sf1_nc2.1_n20_m20_02.dzn|4|0.1|1|400|0.05|39|110|59|40.128408908843994|57.4|3.1304951684997055|43.11854419708252|6.056998855297504
../instances/inst_set1a_sf1_nc2.1_n20_m20_02.dzn|4|0.1|1|400|0.05|39|110|60|34.0632266998291|57.4|3.1304951684997055|43.11854419708252|6.056998855297504
../instances/inst_set1a_sf1_nc2.1_n20_m20_02.dzn|4|0.1|1|400|0.05|39|110|58|49.36114954948425|57.4|3.1304951684997055|43.11854419708252|6.056998855297504
../instances/inst_set1a_sf1_nc2.1_n20_m20_02.dzn|4|0.1|1|400|0.05|39|110|52|45.983803272247314|57.4|3.1304951684997055|43.11854419708252|6.056998855297504
../instances/inst_set1a_sf1_nc2.1_n20_m20_02.dzn|5|0.1|0.5|400|0.05|39|110|63|37.83499336242676|59.2|3.03315017762062|33.3210608959198|4.373015079692072
../instances/inst_set1a_sf1_nc2.1_n20_m20_02.dzn|5|0.1|0.5|400|0.05|39|110|57|33.94910430908203|59.2|3.03315017762062|33.3210608959198|4.373015079692072
../instances/inst_set1a_sf1_nc2.1_n20_m20_02.dzn|5|0.1|0.5|400|0.05|39|110|62|26.30052375793457|59.2|3.03315017762062|33.3210608959198|4.373015079692072
../instances/inst_set1a_sf1_nc2.1_n20_m20_02.dzn|5|0.1|0.5|400|0.05|39|110|57|32.73217582702637|59.2|3.03315017762062|33.3210608959198|4.373015079692072
../instances/inst_set1a_sf1_nc2.1_n20_m20_02.dzn|5|0.1|0.5|400|0.05|39|110|57|35.78850722312927|59.2|3.03315017762062|33.3210608959198|4.373015079692072
../instances/inst_set1a_sf1_nc1.8_n20_m20_00.dzn|0|0.1|1|200|0.1|50|128|78|12.314072847366333|76.2|5.167204273105526|13.25008716583252|2.597927532551065
../instances/inst_set1a_sf1_nc1.8_n20_m20_00.dzn|0|0.1|1|200|0.1|50|128|79|12.700372457504272|76.2|5.167204273105526|13.25008716583252|2.597927532551065
../instances/inst_set1a_sf1_nc1.8_n20_m20_00.dzn|0|0.1|1|200|0.1|50|128|82|10.157127141952515|76.2|5.167204273105526|13.25008716583252|2.597927532551065
../instances/inst_set1a_sf1_nc1.8_n20_m20_00.dzn|0|0.1|1|200|0.1|50|128|73|17.237960815429688|76.2|5.167204273105526|13.25008716583252|2.597927532551065
../instances/inst_set1a_sf1_nc1.8_n20_m20_00.dzn|0|0.1|1|200|0.1|50|128|69|13.84090256690979|76.2|5.167204273105526|13.25008716583252|2.597927532551065
../instances/inst_set1a_sf1_nc1.8_n20_m20_00.dzn|1|0.1|1|200|0.05|50|128|63|24.32609486579895|64|5.477225575051661|22.135788917541504|2.649615385050898
../instances/inst_set1a_sf1_nc1.8_n20_m20_00.dzn|1|0.1|1|200|0.05|50|128|69|22.25859022140503|64|5.477225575051661|22.135788917541504|2.649615385050898
../instances/inst_set1a_sf1_nc1.8_n20_m20_00.dzn|1|0.1|1|200|0.05|50|128|57|25.03425908088684|64|5.477225575051661|22.135788917541504|2.649615385050898
../instances/inst_set1a_sf1_nc1.8_n20_m20_00.dzn|1|0.1|1|200|0.05|50|128|61|18.727526664733887|64|5.477225575051661|22.135788917541504|2.649615385050898
../instances/inst_set1a_sf1_nc1.8_n20_m20_00.dzn|1|0.1|1|200|0.05|50|128|70|20.332473754882812|64|5.477225575051661|22.135788917541504|2.649615385050898
../instances/inst_set1a_sf1_nc1.8_n20_m20_00.dzn|2|0.1|0.5|200|0.05|50|128|64|16.728085041046143|70.6|5.683308895353129|17.080702829360963|1.3492802887762454
../instances/inst_set1a_sf1_nc1.8_n20_m20_00.dzn|2|0.1|0.5|200|0.05|50|128|71|17.253795385360718|70.6|5.683308895353129|17.080702829360963|1.3492802887762454
../instances/inst_set1a_sf1_nc1.8_n20_m20_00.dzn|2|0.1|0.5|200|0.05|50|128|79|14.966656923294067|70.6|5.683308895353129|17.080702829360963|1.3492802887762454
../instances/inst_set1a_sf1_nc1.8_n20_m20_00.dzn|2|0.1|0.5|200|0.05|50|128|72|18.108105659484863|70.6|5.683308895353129|17.080702829360963|1.3492802887762454
../instances/inst_set1a_sf1_nc1.8_n20_m20_00.dzn|2|0.1|0.5|200|0.05|50|128|67|18.34687113761902|70.6|5.683308895353129|17.080702829360963|1.3492802887762454
../instances/inst_set1a_sf1_nc1.8_n20_m20_00.dzn|3|0.1|1|400|0.1|50|128|61|20.956687450408936|66.2|8.78635305459552|20.707316303253172|2.659084450645566
../instances/inst_set1a_sf1_nc1.8_n20_m20_00.dzn|3|0.1|1|400|0.1|50|128|81|18.862154006958008|66.2|8.78635305459552|20.707316303253172|2.659084450645566
../instances/inst_set1a_sf1_nc1.8_n20_m20_00.dzn|3|0.1|1|400|0.1|50|128|67|25.230384588241577|66.2|8.78635305459552|20.707316303253172|2.659084450645566
../instances/inst_set1a_sf1_nc1.8_n20_m20_00.dzn|3|0.1|1|400|0.1|50|128|59|19.051990270614624|66.2|8.78635305459552|20.707316303253172|2.659084450645566
../instances/inst_set1a_sf1_nc1.8_n20_m20_00.dzn|3|0.1|1|400|0.1|50|128|63|19.435365200042725|66.2|8.78635305459552|20.707316303253172|2.659084450645566
../instances/inst_set1a_sf1_nc1.8_n20_m20_00.dzn|4|0.1|1|400|0.05|50|128|58|44.46364712715149|59.8|3.3466401061363023|40.033846378326416|3.0777608060506694
../instances/inst_set1a_sf1_nc1.8_n20_m20_00.dzn|4|0.1|1|400|0.05|50|128|60|38.02249526977539|59.8|3.3466401061363023|40.033846378326416|3.0777608060506694
../instances/inst_set1a_sf1_nc1.8_n20_m20_00.dzn|4|0.1|1|400|0.05|50|128|60|40.107311725616455|59.8|3.3466401061363023|40.033846378326416|3.0777608060506694
../instances/inst_set1a_sf1_nc1.8_n20_m20_00.dzn|4|0.1|1|400|0.05|50|128|65|41.14495921134949|59.8|3.3466401061363023|40.033846378326416|3.0777608060506694
../instances/inst_set1a_sf1_nc1.8_n20_m20_00.dzn|4|0.1|1|400|0.05|50|128|56|36.43081855773926|59.8|3.3466401061363023|40.033846378326416|3.0777608060506694
../instances/inst_set1a_sf1_nc1.8_n20_m20_00.dzn|5|0.1|0.5|400|0.05|50|128|60|35.54222393035889|60.2|1.9235384061671343|31.331083297729492|4.462094316042011
../instances/inst_set1a_sf1_nc1.8_n20_m20_00.dzn|5|0.1|0.5|400|0.05|50|128|59|27.22355604171753|60.2|1.9235384061671343|31.331083297729492|4.462094316042011
../instances/inst_set1a_sf1_nc1.8_n20_m20_00.dzn|5|0.1|0.5|400|0.05|50|128|63|35.610371112823486|60.2|1.9235384061671343|31.331083297729492|4.462094316042011
../instances/inst_set1a_sf1_nc1.8_n20_m20_00.dzn|5|0.1|0.5|400|0.05|50|128|58|32.06524729728699|60.2|1.9235384061671343|31.331083297729492|4.462094316042011
../instances/inst_set1a_sf1_nc1.8_n20_m20_00.dzn|5|0.1|0.5|400|0.05|50|128|61|26.21401810646057|60.2|1.9235384061671343|31.331083297729492|4.462094316042011
../instances/inst_set1a_sf0.5_nc1.5_n20_m10_00.dzn|0|0.1|1|200|0.1|48|132|75|9.751543283462524|80|7.44983221287567|9.558958148956298|1.010683341086446
../instances/inst_set1a_sf0.5_nc1.5_n20_m10_00.dzn|0|0.1|1|200|0.1|48|132|80|8.73271894454956|80|7.44983221287567|9.558958148956298|1.010683341086446
../instances/inst_set1a_sf0.5_nc1.5_n20_m10_00.dzn|0|0.1|1|200|0.1|48|132|71|10.910004138946533|80|7.44983221287567|9.558958148956298|1.010683341086446
../instances/inst_set1a_sf0.5_nc1.5_n20_m10_00.dzn|0|0.1|1|200|0.1|48|132|90|8.399165391921997|80|7.44983221287567|9.558958148956298|1.010683341086446
../instances/inst_set1a_sf0.5_nc1.5_n20_m10_00.dzn|0|0.1|1|200|0.1|48|132|84|10.001358985900879|80|7.44983221287567|9.558958148956298|1.010683341086446
../instances/inst_set1a_sf0.5_nc1.5_n20_m10_00.dzn|1|0.1|1|200|0.05|48|132|78|18.42845320701599|76.6|5.366563145999495|20.934883689880373|3.2146632889686466
../instances/inst_set1a_sf0.5_nc1.5_n20_m10_00.dzn|1|0.1|1|200|0.05|48|132|72|25.073269367218018|76.6|5.366563145999495|20.934883689880373|3.2146632889686466
../instances/inst_set1a_sf0.5_nc1.5_n20_m10_00.dzn|1|0.1|1|200|0.05|48|132|85|20.98025631904602|76.6|5.366563145999495|20.934883689880373|3.2146632889686466
../instances/inst_set1a_sf0.5_nc1.5_n20_m10_00.dzn|1|0.1|1|200|0.05|48|132|76|17.22228193283081|76.6|5.366563145999495|20.934883689880373|3.2146632889686466
../instances/inst_set1a_sf0.5_nc1.5_n20_m10_00.dzn|1|0.1|1|200|0.05|48|132|72|22.970157623291016|76.6|5.366563145999495|20.934883689880373|3.2146632889686466
../instances/inst_set1a_sf0.5_nc1.5_n20_m10_00.dzn|2|0.1|0.5|200|0.05|48|132|74|13.624219417572021|71.8|4.8166378315169185|23.665847969055175|7.794712754789404
../instances/inst_set1a_sf0.5_nc1.5_n20_m10_00.dzn|2|0.1|0.5|200|0.05|48|132|73|20.508095026016235|71.8|4.8166378315169185|23.665847969055175|7.794712754789404
../instances/inst_set1a_sf0.5_nc1.5_n20_m10_00.dzn|2|0.1|0.5|200|0.05|48|132|68|22.709765195846558|71.8|4.8166378315169185|23.665847969055175|7.794712754789404
../instances/inst_set1a_sf0.5_nc1.5_n20_m10_00.dzn|2|0.1|0.5|200|0.05|48|132|78|26.79884934425354|71.8|4.8166378315169185|23.665847969055175|7.794712754789404
../instances/inst_set1a_sf0.5_nc1.5_n20_m10_00.dzn|2|0.1|0.5|200|0.05|48|132|66|34.688310861587524|71.8|4.8166378315169185|23.665847969055175|7.794712754789404
../instances/inst_set1a_sf0.5_nc1.5_n20_m10_00.dzn|3|0.1|1|400|0.1|48|132|73|32.814274072647095|69.8|8.408329203831164|21.60443091392517|6.415075197399465
../instances/inst_set1a_sf0.5_nc1.5_n20_m10_00.dzn|3|0.1|1|400|0.1|48|132|65|18.216564893722534|69.8|8.408329203831164|21.60443091392517|6.415075197399465
../instances/inst_set1a_sf0.5_nc1.5_n20_m10_00.dzn|3|0.1|1|400|0.1|48|132|62|21.152715921401978|69.8|8.408329203831164|21.60443091392517|6.415075197399465
../instances/inst_set1a_sf0.5_nc1.5_n20_m10_00.dzn|3|0.1|1|400|0.1|48|132|66|18.15393877029419|69.8|8.408329203831164|21.60443091392517|6.415075197399465
../instances/inst_set1a_sf0.5_nc1.5_n20_m10_00.dzn|3|0.1|1|400|0.1|48|132|83|17.68466091156006|69.8|8.408329203831164|21.60443091392517|6.415075197399465
../instances/inst_set1a_sf0.5_nc1.5_n20_m10_00.dzn|4|0.1|1|400|0.05|48|132|69|30.4471275806427|69.4|2.701851217221259|36.75281825065613|6.683636218280081
../instances/inst_set1a_sf0.5_nc1.5_n20_m10_00.dzn|4|0.1|1|400|0.05|48|132|70|47.59859848022461|69.4|2.701851217221259|36.75281825065613|6.683636218280081
../instances/inst_set1a_sf0.5_nc1.5_n20_m10_00.dzn|4|0.1|1|400|0.05|48|132|72|37.873067140579224|69.4|2.701851217221259|36.75281825065613|6.683636218280081
../instances/inst_set1a_sf0.5_nc1.5_n20_m10_00.dzn|4|0.1|1|400|0.05|48|132|65|35.33979678153992|69.4|2.701851217221259|36.75281825065613|6.683636218280081
../instances/inst_set1a_sf0.5_nc1.5_n20_m10_00.dzn|4|0.1|1|400|0.05|48|132|71|32.50550127029419|69.4|2.701851217221259|36.75281825065613|6.683636218280081
../instances/inst_set1a_sf0.5_nc1.5_n20_m10_00.dzn|5|0.1|0.5|400|0.05|48|132|75|25.332836627960205|68.2|5.630275304103699|28.437911081314088|4.614855625073465
../instances/inst_set1a_sf0.5_nc1.5_n20_m10_00.dzn|5|0.1|0.5|400|0.05|48|132|71|23.86034870147705|68.2|5.630275304103699|28.437911081314088|4.614855625073465
../instances/inst_set1a_sf0.5_nc1.5_n20_m10_00.dzn|5|0.1|0.5|400|0.05|48|132|60|29.000927686691284|68.2|5.630275304103699|28.437911081314088|4.614855625073465
../instances/inst_set1a_sf0.5_nc1.5_n20_m10_00.dzn|5|0.1|0.5|400|0.05|48|132|69|28.194398880004883|68.2|5.630275304103699|28.437911081314088|4.614855625073465
../instances/inst_set1a_sf0.5_nc1.5_n20_m10_00.dzn|5|0.1|0.5|400|0.05|48|132|66|35.80104351043701|68.2|5.630275304103699|28.437911081314088|4.614855625073465
